{
  "train_mse": 0.00012924150862254316,
  "test_mse": 0.000682800636086403,
  "train_rmse": 0.011368443544414651,
  "test_rmse": 0.026130454188291543,
  "train_mae": 0.0029144844734143777,
  "test_mae": 0.006978646127716683,
  "train_r2": 0.9687875582782557,
  "test_r2": 0.8327996520623673,
  "train_accuracy_percent": 96.87875582782557,
  "test_accuracy_percent": 83.27996520623672
}